Group hierarchy,Region,Service,Upfront,Monthly,First 12 months total,Currency,Configuration summary
My Estimate,US East (N. Virginia),Amazon Virtual Private Cloud (VPC),0,197.1,2365.20,USD,Number of NAT Gateways (1)
My Estimate,US East (N. Virginia),Elastic Load Balancing,0,74.83,897.96,USD,Number of Application Load Balancers (1)
My Estimate,US East (N. Virginia),S3 Standard,0,588.81,7065.72,USD,S3 Standard storage (25 TB per month)
My Estimate,US East (N. Virginia),Data Transfer,0,563.11,6757.32,USD,"Data Transfer, Data transfer cost (563.11)"
My Estimate,US East (N. Virginia),Amazon RDS for MySQL,0,9736.088,116833.06,USD,"Quantity (1), Storage for each RDS instance (General Purpose SSD (gp2)), Storage amount (100 GB), Instance type (db.r5.24xlarge)"
My Estimate,US East (N. Virginia),Amazon EC2,0,2845.1,34141.20,USD,"Operating system (Linux), Quantity (2), Storage for each EC2 instance (General Purpose SSD (gp2)), Storage amount (100 GB), Instance type (m5.16xlarge)"
My Estimate,US East (N. Virginia),Amazon ElastiCache,0,5314.4,63772.80,USD,(1 instances)  Memcached  Memory optimized  cache r4.16xlarge  OnDemand



"AWS Pricing Calculator provides only an estimate of your AWS fees and doesn't include any taxes that might apply. Your actual fees depend on a variety of factors, including your actual usage of AWS services."


I upgraded both the EDS and EC2 instances. I also added ElastiCache to improve the memory of the apps. 